object_name,description,image_name,detection_time
Based on the images provided,here is a detailed list of the detected objects:,Shopping Floor.png,2026-09-08 23:54:26
**Man in blue shirt**,"Center-left (top image) and Center-right (bottom image). He is wearing a light blue button-down shirt and dark trousers, reaching up to select a cereal box from a high shelf.",Shopping Floor.png,2026-09-08 23:54:26
**Woman with shopping cart**,"Center (top image) and Bottom-left (bottom image). She has short brown hair, wears glasses and a beige button-down shirt, and is pushing a metal shopping cart.",Shopping Floor.png,2026-09-08 23:54:26
**Shopping cart**,"Center (top image) and Bottom-left (bottom image). A standard metal wire cart containing various groceries, including a bag of apples, a carton of milk, and other packaged goods.",Shopping Floor.png,2026-09-08 23:54:26
**Woman in white t-shirt**,"Background, center-right (top image) and Center (bottom image). She is wearing a white t-shirt and blue jeans, standing next to another woman and looking at the refrigerated shelves.",Shopping Floor.png,2026-09-08 23:54:26
**Woman in beige sweater**,"Right side (top image) and Center-right (bottom image). She is wearing a beige knit sweater and blue jeans, holding a yellow container (likely yogurt) and examining it.",Shopping Floor.png,2026-09-08 23:54:26
**Woman in green shirt**,"Background, center (top image). She is partially visible behind the man in the blue shirt, wearing an olive green t-shirt and holding a phone.",Shopping Floor.png,2026-09-08 23:54:26
**Cereal boxes**,"Left side shelves (top image) and Center-left shelves (bottom image). Numerous boxes of various brands and colors (blue, red, yellow) are lined up on the middle shelves.",Shopping Floor.png,2026-09-08 23:54:26
**Jars of sauce**,Top-left shelves (top image) and Top-left shelves (bottom image). Rows of glass jars with red contents (likely tomato or chili sauce) and green lids are stacked on the upper shelves.,Shopping Floor.png,2026-09-08 23:54:26
**Bottles of sauce**,Middle-left shelves (top image) and Middle-left shelves (bottom image). Rows of plastic bottles containing red sauce are displayed below the glass jars.,Shopping Floor.png,2026-09-08 23:54:26
**Bagged vegetables**,Lower-left shelves (top image) and Lower-left shelves (bottom image). Clear plastic bags containing green vegetables (such as leafy greens or beans) are stacked on the bottom shelves.,Shopping Floor.png,2026-09-08 23:54:26
**Refrigerated display case**,"Right side (top image) and Right side (bottom image). A long, glass-fronted commercial refrigerator filled with dairy products like yogurt and milk.",Shopping Floor.png,2026-09-08 23:54:26
**Yogurt containers**,Inside the refrigerator (top and bottom images). Small cups and tubs of yogurt in various colors are arranged on the shelves inside the cooler.,Shopping Floor.png,2026-09-08 23:54:26
**Fluorescent ceiling lights**,"Top center (top image) and Top left (bottom image). Long, rectangular light fixtures mounted on the white ceiling panels.",Shopping Floor.png,2026-09-08 23:54:26
**Ceiling air vent**,Top center (top image). A square ventilation grille is visible on the ceiling above the shoppers.,Shopping Floor.png,2026-09-08 23:54:26
**Store aisle floor**,"Bottom area (top and bottom images). The floor is made of large, light gray tiles with a smooth, slightly reflective finish.",Shopping Floor.png,2026-09-08 23:54:26
